,pro name 
0,American Tourister 32 Ltrs Grey Casual Backpack (AMT FIZZ SCH BAG 02 - GREY)
1,"TRUE HUMAN Emperor Anti-Theft backpack With USB charging Port ( LEGEND ) and anti -theft back pocket Laptop bag ,office bag college bags"
2,Skybags Brat Black 46 Cms Casual Backpack
3,Wesley Milestone 2.0 15.6 inch 30 L Casual Waterproof Laptop Backpack/Office Bag/School Bag/College Bag/Business Bag/Unisex Travel Backpack (Blue and Black)
4,Martucci 15.6 inch 30 L Casual Waterproof Laptop Backpack/Office Bag/School Bag/College Bag/Business Bag/Unisex Travel Backpack(Black)
5,Martucci Large 35 L Laptop Backpack Spacy Unisex Laptop/College/School/Travel Backpack with Rain Cover and Reflective Strip
6,"Bennett Mystic 15.6 inch(39.6cm) Laptop Shoulder Messenger Sling Office Bag, Water Repellent Fabric for Men and Women (Blue)"
7,Fur Jaden Brown Textured Leatherette Stylish & Spacious Weekender Duffle Bag for Travel
8,AirCase 13 Inch/ 14 Inch/15.6 Inch Premium Vegan Leather Laptop Backpack for Men & Women
9,"Mi Step Out 12 L Mini Backpack (Small Size, Black, Water Repellant)"
10,ADISA Laptop Backpack 31 Ltrs
11,Half Moon 30L Waterproof 15.6 inch Laptop Office School College Bag Backpack for Men Women Boys & Girls
12,"Wesley Milestone Casual Waterproof Laptop Backpack/Office Bag/School Bag/College Bag/Business Bag/Unisex Travel Backpack (Compatible with 15.6 inch Laptop) 30 L, Charcoal Black"
13,DEIN KLEIDER Men's Nylon Messenger Bag
14,F Gear Luxur Brown 25 liter Laptop Backpack (2404)
15,Hammonds Flycatcher Original Bombay Brown Leather Laptop Messenger Bag for Laptop/MacBook up to 15.6 inch|Padded Laptop Compartment|Office Bag
